label,s
load_calibration,0.003259
load_whisper,9.830232
load_yolo,0.089871
load_sam,0.700885
load_slm,5.897851
whisper_transcribe,2.301668
whisper_transcribe,2.009212
whisper_transcribe,2.234543
SLM_extract_intent_and_object,1.364597
SLM_extract_intent_and_object,1.469645
SLM_extract_intent_and_object,2.282189
yolo_detection,0.927849
yolo_detection,0.022408
yolo_detection,0.022072
yolo_detection,0.022104
yolo_detection,0.025914
yolo_detection,0.019683
yolo_detection,0.019422
yolo_detection,0.020004
yolo_detection,0.019721
yolo_detection,0.019612
yolo_detection,0.019576
yolo_detection,0.020585
yolo_detection,0.021191
yolo_detection,0.021963
yolo_detection,0.021613
yolo_detection,0.027677
yolo_detection,0.029775
yolo_detection,0.023508
yolo_detection,0.020312
yolo_detection,0.020628
yolo_detection,0.021059
yolo_detection,0.020097
yolo_detection,0.019515
yolo_detection,0.019889
yolo_detection,0.041037
yolo_detection,0.036398
yolo_detection,0.019653
yolo_detection,0.020267
yolo_detection,0.022248
yolo_detection,0.022538
yolo_detection,0.023780
yolo_detection,0.022538
yolo_detection,0.019896
yolo_detection,0.019467
yolo_detection,0.020395
yolo_detection,0.019107
yolo_detection,0.020110
yolo_detection,0.019220
yolo_detection,0.020414
yolo_detection,0.019735
yolo_detection,0.019921
yolo_detection,0.019455
yolo_detection,0.020724
yolo_detection,0.019427
yolo_detection,0.020982
yolo_detection,0.019803
yolo_detection,0.019882
yolo_detection,0.019881
yolo_detection,0.019911
yolo_detection,0.020022
yolo_detection,0.020512
yolo_detection,0.019890
yolo_detection,0.020008
yolo_detection,0.020181
yolo_detection,0.020098
yolo_detection,0.020030
yolo_detection,0.021655
yolo_detection,0.021884
yolo_detection,0.021855
yolo_detection,0.022148
yolo_detection,0.022247
yolo_detection,0.021746
yolo_detection,0.022254
yolo_detection,0.032178
yolo_detection,0.030074
yolo_detection,0.026252
yolo_detection,0.023749
yolo_detection,0.038143
yolo_detection,0.037804
yolo_detection,0.034451
yolo_detection,0.036471
yolo_detection,0.033844
yolo_detection,0.038072
yolo_detection,0.032178
yolo_detection,0.026360
yolo_detection,0.032403
yolo_detection,0.035580
yolo_detection,0.038367
yolo_detection,0.034959
yolo_detection,0.034119
yolo_detection,0.027983
yolo_detection,0.025000
yolo_detection,0.034601
yolo_detection,0.038917
yolo_detection,0.040475
yolo_detection,0.038612
yolo_detection,0.037128
yolo_detection,0.040414
yolo_detection,0.034662
yolo_detection,0.029690
yolo_detection,0.026756
yolo_detection,0.024499
yolo_detection,0.022584
yolo_detection,0.021505
yolo_detection,0.020376
yolo_detection,0.020155
yolo_detection,0.017787
yolo_detection,0.019391
yolo_detection,0.017871
yolo_detection,0.019379
yolo_detection,0.019919
yolo_detection,0.019549
yolo_detection,0.019440
yolo_detection,0.019483
yolo_detection,0.019569
yolo_detection,0.019337
yolo_detection,0.019704
yolo_detection,0.020415
yolo_detection,0.020809
yolo_detection,0.020836
yolo_detection,0.022041
yolo_detection,0.021288
yolo_detection,0.022092
yolo_detection,0.022801
yolo_detection,0.023490
yolo_detection,0.023628
yolo_detection,0.023194
yolo_detection,0.022233
yolo_detection,0.021693
yolo_detection,0.023275
yolo_detection,0.022367
yolo_detection,0.022151
yolo_detection,0.022745
yolo_detection,0.022800
yolo_detection,0.022702
yolo_detection,0.023036
yolo_detection,0.023089
yolo_detection,0.022485
yolo_detection,0.022696
yolo_detection,0.022363
yolo_detection,0.022319
yolo_detection,0.021879
yolo_detection,0.022815
yolo_detection,0.020885
yolo_detection,0.023862
yolo_detection,0.023152
yolo_detection,0.023169
yolo_detection,0.022583
yolo_detection,0.022169
yolo_detection,0.022592
yolo_detection,0.022320
yolo_detection,0.020541
yolo_detection,0.023178
yolo_detection,0.023582
yolo_detection,0.022785
yolo_detection,0.022420
yolo_detection,0.022514
yolo_detection,0.021278
yolo_detection,0.021118
yolo_detection,0.020757
yolo_detection,0.021347
yolo_detection,0.021676
yolo_detection,0.021706
yolo_detection,0.024163
yolo_detection,0.021617
yolo_detection,0.021056
yolo_detection,0.021725
yolo_detection,0.023870
yolo_detection,0.021660
yolo_detection,0.023737
yolo_detection,0.021387
yolo_detection,0.023859
yolo_detection,0.023421
yolo_detection,0.022848
yolo_detection,0.020452
yolo_detection,0.022833
yolo_detection,0.023346
yolo_detection,0.022636
yolo_detection,0.022632
yolo_detection,0.022713
yolo_detection,0.022654
yolo_detection,0.022646
yolo_detection,0.022399
yolo_detection,0.022334
yolo_detection,0.022605
yolo_detection,0.022375
yolo_detection,0.022564
yolo_detection,0.022628
yolo_detection,0.022508
yolo_detection,0.022878
yolo_detection,0.023154
yolo_detection,0.022831
yolo_detection,0.022506
yolo_detection,0.022524
yolo_detection,0.022130
yolo_detection,0.022400
yolo_detection,0.022472
yolo_detection,0.024070
yolo_detection,0.022306
yolo_detection,0.022481
yolo_detection,0.022457
yolo_detection,0.022446
yolo_detection,0.022442
yolo_detection,0.022605
yolo_detection,0.022734
yolo_detection,0.022554
yolo_detection,0.022739
yolo_detection,0.022975
yolo_detection,0.022867
yolo_detection,0.022782
yolo_detection,0.022897
yolo_detection,0.023004
yolo_detection,0.022759
yolo_detection,0.022944
yolo_detection,0.022882
yolo_detection,0.023158
yolo_detection,0.023029
yolo_detection,0.022192
yolo_detection,0.022780
yolo_detection,0.023017
yolo_detection,0.022204
yolo_detection,0.022681
yolo_detection,0.023309
yolo_detection,0.022836
yolo_detection,0.022368
yolo_detection,0.022723
yolo_detection,0.022273
yolo_detection,0.023029
yolo_detection,0.023157
yolo_detection,0.022657
yolo_detection,0.022857
yolo_detection,0.022543
yolo_detection,0.022126
yolo_detection,0.022984
yolo_detection,0.023477
yolo_detection,0.022920
yolo_detection,0.023113
yolo_detection,0.022533
yolo_detection,0.022341
yolo_detection,0.024361
yolo_detection,0.033759
yolo_detection,0.029745
yolo_detection,0.028503
yolo_detection,0.028839
yolo_detection,0.027833
yolo_detection,0.027270
yolo_detection,0.027091
yolo_detection,0.027915
yolo_detection,0.027925
yolo_detection,0.027798
yolo_detection,0.029088
yolo_detection,0.034319
yolo_detection,0.030504
yolo_detection,0.031593
yolo_detection,0.029022
yolo_detection,0.027632
yolo_detection,0.028060
yolo_detection,0.028903
yolo_detection,0.028717
yolo_detection,0.025748
yolo_detection,0.026798
yolo_detection,0.025927
yolo_detection,0.025834
yolo_detection,0.027770
yolo_detection,0.027961
yolo_detection,0.024316
yolo_detection,0.023744
yolo_detection,0.025826
yolo_detection,0.025390
yolo_detection,0.028071
yolo_detection,0.027680
yolo_detection,0.028290
yolo_detection,0.026051
yolo_detection,0.025583
yolo_detection,0.027274
yolo_detection,0.026632
yolo_detection,0.027165
yolo_detection,0.029605
yolo_detection,0.027637
yolo_detection,0.026589
yolo_detection,0.028085
yolo_detection,0.027252
yolo_detection,0.026845
yolo_detection,0.027046
yolo_detection,0.026974
yolo_detection,0.028634
yolo_detection,0.026168
yolo_detection,0.027520
yolo_detection,0.027181
yolo_detection,0.025030
yolo_detection,0.021865
yolo_detection,0.021902
yolo_detection,0.022022
yolo_detection,0.023098
yolo_detection,0.022621
yolo_detection,0.025226
yolo_detection,0.026482
yolo_detection,0.027274
yolo_detection,0.023848
yolo_detection,0.022186
yolo_detection,0.022181
yolo_detection,0.023056
yolo_detection,0.027061
yolo_detection,0.025326
yolo_detection,0.022303
yolo_detection,0.022606
yolo_detection,0.022637
yolo_detection,0.023118
yolo_detection,0.025359
yolo_detection,0.023019
yolo_detection,0.029813
yolo_detection,0.028015
yolo_detection,0.033224
yolo_detection,0.023558
yolo_detection,0.023221
yolo_detection,0.022315
yolo_detection,0.023001
yolo_detection,0.023720
yolo_detection,0.022384
yolo_detection,0.022605
yolo_detection,0.022396
yolo_detection,0.029845
yolo_detection,0.028191
yolo_detection,0.029125
yolo_detection,0.023036
yolo_detection,0.022455
yolo_detection,0.022409
yolo_detection,0.027548
yolo_detection,0.023332
yolo_detection,0.031335
yolo_detection,0.037792
yolo_detection,0.030854
yolo_detection,0.024017
yolo_detection,0.022498
yolo_detection,0.022112
yolo_detection,0.022074
yolo_detection,0.022221
yolo_detection,0.022355
yolo_detection,0.022898
yolo_detection,0.028793
yolo_detection,0.022695
yolo_detection,0.022693
yolo_detection,0.027433
yolo_detection,0.023178
yolo_detection,0.022409
yolo_detection,0.026246
yolo_detection,0.022802
yolo_detection,0.023860
yolo_detection,0.022653
yolo_detection,0.023486
yolo_detection,0.022715
yolo_detection,0.022362
yolo_detection,0.022387
yolo_detection,0.022833
yolo_detection,0.022259
yolo_detection,0.022764
yolo_detection,0.022801
yolo_detection,0.028153
yolo_detection,0.022842
yolo_detection,0.022849
yolo_detection,0.028467
yolo_detection,0.022498
yolo_detection,0.022627
yolo_detection,0.022697
yolo_detection,0.023094
yolo_detection,0.023363
yolo_detection,0.022857
yolo_detection,0.023473
yolo_detection,0.022750
yolo_detection,0.022922
yolo_detection,0.024997
yolo_detection,0.033142
yolo_detection,0.039394
yolo_detection,0.026635
yolo_detection,0.027268
yolo_detection,0.024934
yolo_detection,0.025274
yolo_detection,0.030873
yolo_detection,0.026737
yolo_detection,0.024776
yolo_detection,0.025321
yolo_detection,0.025049
yolo_detection,0.025465
yolo_detection,0.025427
yolo_detection,0.025409
yolo_detection,0.025061
yolo_detection,0.024889
yolo_detection,0.029731
yolo_detection,0.024772
yolo_detection,0.025018
yolo_detection,0.025227
yolo_detection,0.025086
yolo_detection,0.025149
yolo_detection,0.026957
yolo_detection,0.025130
yolo_detection,0.024669
yolo_detection,0.025119
yolo_detection,0.024566
yolo_detection,0.024674
yolo_detection,0.025187
yolo_detection,0.024700
yolo_detection,0.025073
yolo_detection,0.037525
yolo_detection,0.024551
yolo_detection,0.021958
yolo_detection,0.022957
yolo_detection,0.026147
yolo_detection,0.030094
yolo_detection,0.028908
yolo_detection,0.028055
yolo_detection,0.035016
yolo_detection,0.025329
yolo_detection,0.026828
yolo_detection,0.023619
yolo_detection,0.026577
yolo_detection,0.027403
yolo_detection,0.022243
yolo_detection,0.027434
yolo_detection,0.022618
yolo_detection,0.022140
yolo_detection,0.028293
yolo_detection,0.029903
yolo_detection,0.031946
yolo_detection,0.029400
yolo_detection,0.024793
yolo_detection,0.029669
yolo_detection,0.031381
yolo_detection,0.029637
yolo_detection,0.028561
yolo_detection,0.028343
yolo_detection,0.028861
yolo_detection,0.028703
yolo_detection,0.028711
yolo_detection,0.028391
yolo_detection,0.026110
yolo_detection,0.025775
yolo_detection,0.028335
yolo_detection,0.028811
yolo_detection,0.027155
yolo_detection,0.027931
yolo_detection,0.026588
yolo_detection,0.026485
yolo_detection,0.029974
yolo_detection,0.028522
yolo_detection,0.029460
yolo_detection,0.025840
yolo_detection,0.030145
yolo_detection,0.028570
yolo_detection,0.026617
yolo_detection,0.024752
yolo_detection,0.026191
yolo_detection,0.023971
yolo_detection,0.025172
yolo_detection,0.026315
yolo_detection,0.026205
yolo_detection,0.024353
yolo_detection,0.025719
yolo_detection,0.025640
yolo_detection,0.028550
yolo_detection,0.027904
yolo_detection,0.028053
yolo_detection,0.025966
yolo_detection,0.026696
yolo_detection,0.026958
yolo_detection,0.026599
yolo_detection,0.027711
yolo_detection,0.025774
yolo_detection,0.026494
yolo_detection,0.026168
yolo_detection,0.026364
yolo_detection,0.025922
yolo_detection,0.028797
yolo_detection,0.026262
yolo_detection,0.026279
yolo_detection,0.025436
yolo_detection,0.024283
yolo_detection,0.023364
yolo_detection,0.220234
yolo_detection,0.058012
yolo_detection,0.049313
yolo_detection,0.041756
yolo_detection,0.038042
yolo_detection,0.035487
yolo_detection,0.044832
yolo_detection,0.036940
yolo_detection,0.040312
yolo_detection,0.034718
yolo_detection,0.044592
yolo_detection,0.032943
yolo_detection,0.034088
yolo_detection,0.043782
yolo_detection,0.033544
yolo_detection,0.040380
yolo_detection,0.038052
yolo_detection,0.036688
yolo_detection,0.034757
yolo_detection,0.035225
yolo_detection,0.036449
yolo_detection,0.032697
yolo_detection,0.029943
yolo_detection,0.038365
yolo_detection,0.035467
yolo_detection,0.033148
yolo_detection,0.031755
yolo_detection,0.036714
yolo_detection,0.034671
yolo_detection,0.035735
yolo_detection,0.032517
yolo_detection,0.033602
yolo_detection,0.033010
yolo_detection,0.029350
yolo_detection,0.029153
yolo_detection,0.027276
yolo_detection,0.024190
yolo_detection,0.025375
yolo_detection,0.025292
yolo_detection,0.462347
yolo_detection,0.042141
yolo_detection,0.039614
yolo_detection,0.029478
yolo_detection,0.033365
yolo_detection,0.029828
yolo_detection,0.038868
yolo_detection,0.041441
yolo_detection,0.042878
yolo_detection,0.042320
yolo_detection,0.035776
yolo_detection,0.037181
yolo_detection,0.035761
yolo_detection,0.035577
yolo_detection,0.034912
yolo_detection,0.034293
yolo_detection,0.026504
yolo_detection,0.025416
yolo_detection,0.028115
yolo_detection,0.028213
yolo_detection,0.028151
yolo_detection,0.025419
yolo_detection,0.026482
yolo_detection,0.026499
yolo_detection,0.025515
yolo_detection,0.027430
yolo_detection,0.026502
yolo_detection,0.021557
yolo_detection,0.029207
yolo_detection,0.024976
yolo_detection,0.023023
yolo_detection,0.020294
yolo_detection,0.022418
yolo_detection,0.024032
yolo_detection,0.020907
yolo_detection,0.020308
yolo_detection,0.022840
yolo_detection,0.022727
yolo_detection,0.022390
yolo_detection,0.020472
yolo_detection,0.025487
yolo_detection,0.023607
yolo_detection,0.018580
yolo_detection,0.023213
yolo_detection,0.017838
yolo_detection,0.017559
yolo_detection,0.019126
yolo_detection,0.019136
yolo_detection,0.017872
yolo_detection,0.017701
yolo_detection,0.017668
yolo_detection,0.019244
yolo_detection,0.019216
yolo_detection,0.017710
yolo_detection,0.019420
yolo_detection,0.017906
yolo_detection,0.019842
yolo_detection,0.018801
yolo_detection,0.019830
yolo_detection,0.020893
yolo_detection,0.021237
yolo_detection,0.021970
yolo_detection,0.023930
yolo_detection,0.023985
yolo_detection,0.022896
yolo_detection,0.021293
yolo_detection,0.023137
yolo_detection,0.022814
yolo_detection,0.024430
yolo_detection,0.021133
yolo_detection,0.021144
yolo_detection,0.020741
yolo_detection,0.020367
yolo_detection,0.022977
yolo_detection,0.023177
yolo_detection,0.033356
yolo_detection,0.018265
yolo_detection,0.017932
yolo_detection,0.021151
yolo_detection,0.020498
yolo_detection,0.019826
yolo_detection,0.017770
yolo_detection,0.017921
yolo_detection,0.017630
yolo_detection,0.019229
yolo_detection,0.017755
yolo_detection,0.017700
yolo_detection,0.017776
yolo_detection,0.017808
yolo_detection,0.018086
yolo_detection,0.019667
yolo_detection,0.019049
yolo_detection,0.020221
yolo_detection,0.021534
yolo_detection,0.018300
yolo_detection,0.021866
yolo_detection,0.022082
yolo_detection,0.020520
yolo_detection,0.020838
yolo_detection,0.023264
yolo_detection,0.021568
yolo_detection,0.023705
yolo_detection,0.023089
yolo_detection,0.021391
yolo_detection,0.022316
yolo_detection,0.022117
yolo_detection,0.021986
yolo_detection,0.022149
yolo_detection,0.021761
yolo_detection,0.022277
yolo_detection,0.022020
yolo_detection,0.022174
yolo_detection,0.022025
yolo_detection,0.023920
yolo_detection,0.021978
yolo_detection,0.021787
yolo_detection,0.022040
yolo_detection,0.023865
yolo_detection,0.020675
yolo_detection,0.020854
yolo_detection,0.021881
yolo_detection,0.021749
yolo_detection,0.025459
yolo_detection,0.021938
yolo_detection,0.021106
yolo_detection,0.021610
yolo_detection,0.021768
yolo_detection,0.024201
yolo_detection,0.023452
yolo_detection,0.023587
yolo_detection,0.023121
yolo_detection,0.022831
yolo_detection,0.021165
yolo_detection,0.021287
yolo_detection,0.021518
yolo_detection,0.022080
yolo_detection,0.022143
yolo_detection,0.022170
yolo_detection,0.022432
yolo_detection,0.024233
yolo_detection,0.023905
yolo_detection,0.021875
yolo_detection,0.021618
yolo_detection,0.021529
yolo_detection,0.022425
yolo_detection,0.022226
yolo_detection,0.022134
yolo_detection,0.022602
yolo_detection,0.024274
yolo_detection,0.021873
yolo_detection,0.022032
yolo_detection,0.024098
yolo_detection,0.023358
yolo_detection,0.022268
yolo_detection,0.024775
yolo_detection,0.021041
yolo_detection,0.021216
yolo_detection,0.021503
yolo_detection,0.021628
yolo_detection,0.024492
yolo_detection,0.022115
yolo_detection,0.023813
yolo_detection,0.023863
yolo_detection,0.021477
yolo_detection,0.021746
yolo_detection,0.022032
yolo_detection,0.023136
yolo_detection,0.023449
yolo_detection,0.025766
yolo_detection,0.025303
yolo_detection,0.023123
yolo_detection,0.022821
yolo_detection,0.023024
yolo_detection,0.021274
yolo_detection,0.023978
yolo_detection,0.023228
yolo_detection,0.024839
yolo_detection,0.021606
yolo_detection,0.022241
yolo_detection,0.042865
yolo_detection,0.025753
yolo_detection,0.022892
yolo_detection,0.042653
yolo_detection,0.022949
yolo_detection,0.021636
yolo_detection,0.034224
yolo_detection,0.021965
yolo_detection,0.021884
yolo_detection,0.021694
yolo_detection,0.022983
yolo_detection,0.023768
yolo_detection,0.021272
yolo_detection,0.021164
yolo_detection,0.023617
yolo_detection,0.023518
yolo_detection,0.023772
yolo_detection,0.024351
yolo_detection,0.020696
yolo_detection,0.023191
yolo_detection,0.020619
yolo_detection,0.022780
yolo_detection,0.022315
yolo_detection,0.022224
yolo_detection,0.023247
yolo_detection,0.023129
yolo_detection,0.020929
yolo_detection,0.020373
yolo_detection,0.020356
yolo_detection,0.020643
yolo_detection,0.037039
yolo_detection,0.037098
yolo_detection,0.033529
yolo_detection,0.040778
yolo_detection,0.022637
yolo_detection,0.024103
yolo_detection,0.021929
yolo_detection,0.043881
yolo_detection,0.039677
yolo_detection,0.041000
yolo_detection,0.043070
yolo_detection,0.052501
yolo_detection,0.050207
yolo_detection,0.028836
yolo_detection,0.024140
yolo_detection,0.036933
yolo_detection,0.024566
yolo_detection,0.021019
yolo_detection,0.021052
yolo_detection,0.021531
yolo_detection,0.019721
yolo_detection,0.022192
yolo_detection,0.022734
yolo_detection,0.028529
yolo_detection,0.019679
yolo_detection,0.017838
yolo_detection,0.019343
yolo_detection,0.019701
yolo_detection,0.019413
yolo_detection,0.019375
yolo_detection,0.019941
yolo_detection,0.019598
yolo_detection,0.019927
yolo_detection,0.017848
yolo_detection,0.019482
yolo_detection,0.019762
yolo_detection,0.017893
yolo_detection,0.019595
yolo_detection,0.020603
yolo_detection,0.021818
yolo_detection,0.019548
yolo_detection,0.020746
yolo_detection,0.022012
yolo_detection,0.021203
yolo_detection,0.021104
yolo_detection,0.021935
yolo_detection,0.024302
yolo_detection,0.024109
yolo_detection,0.018052
yolo_detection,0.019315
yolo_detection,0.019925
yolo_detection,0.019369
yolo_detection,0.019357
yolo_detection,0.019485
yolo_detection,0.020091
yolo_detection,0.020461
yolo_detection,0.019839
yolo_detection,0.019579
yolo_detection,0.019363
yolo_detection,0.019359
yolo_detection,0.019329
yolo_detection,0.019351
yolo_detection,0.019379
yolo_detection,0.019386
yolo_detection,0.019419
yolo_detection,0.019456
yolo_detection,0.019405
yolo_detection,0.019445
yolo_detection,0.019524
yolo_detection,0.020062
yolo_detection,0.021166
yolo_detection,0.021554
yolo_detection,0.022425
yolo_detection,0.022119
yolo_detection,0.022186
yolo_detection,0.021298
yolo_detection,0.024191
yolo_detection,0.023852
yolo_detection,0.023216
yolo_detection,0.022578
yolo_detection,0.023502
yolo_detection,0.023954
yolo_detection,0.021250
yolo_detection,0.020860
yolo_detection,0.021141
yolo_detection,0.021808
yolo_detection,0.022287
yolo_detection,0.022440
yolo_detection,0.022278
yolo_detection,0.023172
yolo_detection,0.022715
yolo_detection,0.022440
yolo_detection,0.022550
yolo_detection,0.022456
yolo_detection,0.022251
yolo_detection,0.022577
yolo_detection,0.023052
yolo_detection,0.022790
yolo_detection,0.022787
yolo_detection,0.022996
yolo_detection,0.022870
yolo_detection,0.023094
yolo_detection,0.022638
yolo_detection,0.022871
yolo_detection,0.022748
yolo_detection,0.022567
yolo_detection,0.022482
yolo_detection,0.022770
yolo_detection,0.020738
yolo_detection,0.023040
yolo_detection,0.023286
yolo_detection,0.023274
yolo_detection,0.024377
yolo_detection,0.022919
yolo_detection,0.022849
yolo_detection,0.022692
yolo_detection,0.020816
yolo_detection,0.022859
yolo_detection,0.021131
yolo_detection,0.023670
yolo_detection,0.023332
yolo_detection,0.022880
yolo_detection,0.021239
yolo_detection,0.021318
yolo_detection,0.021898
yolo_detection,0.023518
yolo_detection,0.023647
yolo_detection,0.023588
yolo_detection,0.023943
yolo_detection,0.023704
yolo_detection,0.023719
yolo_detection,0.023976
yolo_detection,0.023760
yolo_detection,0.023514
yolo_detection,0.023953
yolo_detection,0.025497
yolo_detection,0.025333
yolo_detection,0.025667
yolo_detection,0.025508
yolo_detection,0.025199
yolo_detection,0.025685
yolo_detection,0.025436
yolo_detection,0.025200
yolo_detection,0.025833
yolo_detection,0.026020
yolo_detection,0.028203
yolo_detection,0.025453
yolo_detection,0.025105
yolo_detection,0.025350
yolo_detection,0.027090
yolo_detection,0.025094
yolo_detection,0.025004
yolo_detection,0.025400
yolo_detection,0.025269
yolo_detection,0.024899
yolo_detection,0.025274
yolo_detection,0.027305
yolo_detection,0.025047
yolo_detection,0.025290
yolo_detection,0.025292
yolo_detection,0.025454
yolo_detection,0.025276
yolo_detection,0.025217
yolo_detection,0.025445
yolo_detection,0.027041
yolo_detection,0.024905
yolo_detection,0.025190
yolo_detection,0.025037
yolo_detection,0.025119
yolo_detection,0.025152
yolo_detection,0.024970
yolo_detection,0.025108
yolo_detection,0.024956
yolo_detection,0.025003
yolo_detection,0.024981
yolo_detection,0.025006
yolo_detection,0.025302
yolo_detection,0.025452
yolo_detection,0.027183
yolo_detection,0.025038
yolo_detection,0.024727
yolo_detection,0.025089
yolo_detection,0.025006
yolo_detection,0.024831
yolo_detection,0.024878
yolo_detection,0.024788
yolo_detection,0.024912
yolo_detection,0.024890
yolo_detection,0.024820
yolo_detection,0.024878
yolo_detection,0.024869
yolo_detection,0.024998
yolo_detection,0.026905
yolo_detection,0.026699
yolo_detection,0.024860
yolo_detection,0.024855
yolo_detection,0.025076
yolo_detection,0.026697
yolo_detection,0.027127
yolo_detection,0.027086
yolo_detection,0.024773
yolo_detection,0.027119
yolo_detection,0.025032
yolo_detection,0.026521
yolo_detection,0.026940
yolo_detection,0.026792
yolo_detection,0.024657
yolo_detection,0.024960
yolo_detection,0.025289
yolo_detection,0.025662
yolo_detection,0.025214
yolo_detection,0.025529
yolo_detection,0.024739
yolo_detection,0.025724
yolo_detection,0.027281
yolo_detection,0.024968
yolo_detection,0.025214
yolo_detection,0.024973
yolo_detection,0.026806
yolo_detection,0.025028
yolo_detection,0.026898
yolo_detection,0.024819
yolo_detection,0.024907
yolo_detection,0.025323
yolo_detection,0.026710
yolo_detection,0.024944
yolo_detection,0.024961
yolo_detection,0.024828
yolo_detection,0.024927
yolo_detection,0.026885
yolo_detection,0.024973
yolo_detection,0.026842
yolo_detection,0.026881
yolo_detection,0.024797
yolo_detection,0.026750
yolo_detection,0.024881
yolo_detection,0.026752
yolo_detection,0.027427
yolo_detection,0.025444
yolo_detection,0.027090
yolo_detection,0.026711
yolo_detection,0.026401
yolo_detection,0.030472
yolo_detection,0.027566
yolo_detection,0.027992
yolo_detection,0.027505
yolo_detection,0.026995
yolo_detection,0.026859
yolo_detection,0.026954
yolo_detection,0.026446
yolo_detection,0.026629
yolo_detection,0.024781
yolo_detection,0.024934
yolo_detection,0.026645
yolo_detection,0.026792
yolo_detection,0.026502
yolo_detection,0.026440
yolo_detection,0.024572
yolo_detection,0.026582
yolo_detection,0.028031
yolo_detection,0.026376
yolo_detection,0.026892
yolo_detection,0.026578
yolo_detection,0.026757
yolo_detection,0.027337
yolo_detection,0.028142
yolo_detection,0.026820
yolo_detection,0.026505
yolo_detection,0.027265
yolo_detection,0.027829
yolo_detection,0.026494
yolo_detection,0.027089
yolo_detection,0.028606
yolo_detection,0.026923
yolo_detection,0.026734
yolo_detection,0.027725
yolo_detection,0.026802
yolo_detection,0.026905
yolo_detection,0.027054
yolo_detection,0.027150
yolo_detection,0.027286
yolo_detection,0.026950
yolo_detection,0.026802
yolo_detection,0.026620
yolo_detection,0.026856
yolo_detection,0.026945
yolo_detection,0.026899
yolo_detection,0.027342
yolo_detection,0.027784
yolo_detection,0.027238
yolo_detection,0.026602
yolo_detection,0.027451
yolo_detection,0.027015
yolo_detection,0.027101
yolo_detection,0.027573
yolo_detection,0.026991
yolo_detection,0.026883
yolo_detection,0.027840
yolo_detection,0.028056
yolo_detection,0.027914
yolo_detection,0.027291
yolo_detection,0.028000
yolo_detection,0.027117
yolo_detection,0.027385
yolo_detection,0.027463
yolo_detection,0.027470
yolo_detection,0.028122
yolo_detection,0.027104
yolo_detection,0.027004
yolo_detection,0.027500
yolo_detection,0.027907
yolo_detection,0.027222
yolo_detection,0.027231
yolo_detection,0.026612
yolo_detection,0.027255
yolo_detection,0.027356
yolo_detection,0.026759
yolo_detection,0.027149
yolo_detection,0.027005
yolo_detection,0.026766
yolo_detection,0.027203
yolo_detection,0.027726
yolo_detection,0.024733
yolo_detection,0.026988
yolo_detection,0.027823
yolo_detection,0.026991
yolo_detection,0.026464
yolo_detection,0.026780
yolo_detection,0.026847
yolo_detection,0.027786
yolo_detection,0.027135
yolo_detection,0.026682
yolo_detection,0.026666
yolo_detection,0.027166
yolo_detection,0.027084
yolo_detection,0.024922
yolo_detection,0.026981
yolo_detection,0.027519
yolo_detection,0.027409
yolo_detection,0.027277
yolo_detection,0.027147
yolo_detection,0.026858
yolo_detection,0.027077
yolo_detection,0.027041
yolo_detection,0.027174
yolo_detection,0.027042
yolo_detection,0.024927
yolo_detection,0.027100
yolo_detection,0.027186
yolo_detection,0.026661
yolo_detection,0.027031
yolo_detection,0.026409
yolo_detection,0.027117
yolo_detection,0.027512
yolo_detection,0.026650
yolo_detection,0.026940
yolo_detection,0.026938
yolo_detection,0.026505
yolo_detection,0.026924
yolo_detection,0.026950
yolo_detection,0.026623
yolo_detection,0.026535
yolo_detection,0.026514
yolo_detection,0.026963
yolo_detection,0.026087
yolo_detection,0.024532
yolo_detection,0.026604
yolo_detection,0.025961
yolo_detection,0.026323
yolo_detection,0.026614
yolo_detection,0.026905
yolo_detection,0.026574
yolo_detection,0.026449
yolo_detection,0.026490
yolo_detection,0.026832
yolo_detection,0.026183
yolo_detection,0.026188
yolo_detection,0.026882
yolo_detection,0.025801
yolo_detection,0.026486
yolo_detection,0.026579
yolo_detection,0.025888
yolo_detection,0.025397
yolo_detection,0.026270
yolo_detection,0.026084
yolo_detection,0.025281
yolo_detection,0.025748
yolo_detection,0.025729
yolo_detection,0.025742
yolo_detection,0.025790
yolo_detection,0.025530
yolo_detection,0.024965
yolo_detection,0.025450
yolo_detection,0.025446
yolo_detection,0.025337
yolo_detection,0.025546
yolo_detection,0.025058
yolo_detection,0.025200
yolo_detection,0.025472
yolo_detection,0.024691
yolo_detection,0.024894
yolo_detection,0.025393
yolo_detection,0.024629
yolo_detection,0.022770
yolo_detection,0.025256
yolo_detection,0.023395
yolo_detection,0.025334
yolo_detection,0.024640
yolo_detection,0.025238
yolo_detection,0.024709
yolo_detection,0.024492
yolo_detection,0.022447
yolo_detection,0.022691
yolo_detection,0.023027
yolo_detection,0.024913
yolo_detection,0.023179
yolo_detection,0.023161
yolo_detection,0.023327
yolo_detection,0.023655
yolo_detection,0.023797
yolo_detection,0.026765
yolo_detection,0.025888
yolo_detection,0.022627
yolo_detection,0.025096
yolo_detection,0.025452
yolo_detection,0.024368
yolo_detection,0.024949
yolo_detection,0.025185
yolo_detection,0.022447
yolo_detection,0.022635
yolo_detection,0.022770
yolo_detection,0.023382
yolo_detection,0.023410
yolo_detection,0.023719
yolo_detection,0.023660
yolo_detection,0.023667
yolo_detection,0.023789
yolo_detection,0.023650
yolo_detection,0.023652
yolo_detection,0.024314
yolo_detection,0.023934
yolo_detection,0.023850
yolo_detection,0.023959
yolo_detection,0.023659
yolo_detection,0.023551
yolo_detection,0.023871
yolo_detection,0.024048
yolo_detection,0.024005
yolo_detection,0.024273
yolo_detection,0.024046
yolo_detection,0.023756
yolo_detection,0.024019
yolo_detection,0.023910
yolo_detection,0.023823
yolo_detection,0.023892
yolo_detection,0.023902
yolo_detection,0.023941
yolo_detection,0.024033
yolo_detection,0.026034
yolo_detection,0.023608
yolo_detection,0.023841
yolo_detection,0.023567
yolo_detection,0.023541
yolo_detection,0.023727
yolo_detection,0.023687
yolo_detection,0.024130
yolo_detection,0.024167
yolo_detection,0.024183
yolo_detection,0.024282
yolo_detection,0.024195
yolo_detection,0.024064
yolo_detection,0.024105
yolo_detection,0.024178
yolo_detection,0.026266
yolo_detection,0.023552
yolo_detection,0.023888
yolo_detection,0.025919
yolo_detection,0.024783
yolo_detection,0.023143
yolo_detection,0.023169
yolo_detection,0.023499
yolo_detection,0.023587
yolo_detection,0.023799
yolo_detection,0.023684
yolo_detection,0.025993
yolo_detection,0.023595
yolo_detection,0.023541
yolo_detection,0.023527
yolo_detection,0.023560
yolo_detection,0.025824
yolo_detection,0.025316
yolo_detection,0.023215
yolo_detection,0.025025
yolo_detection,0.023078
yolo_detection,0.023090
yolo_detection,0.025515
yolo_detection,0.023323
yolo_detection,0.023480
yolo_detection,0.023735
yolo_detection,0.023513
yolo_detection,0.024109
yolo_detection,0.024130
yolo_detection,0.024105
yolo_detection,0.024154
yolo_detection,0.024080
yolo_detection,0.024217
yolo_detection,0.024715
yolo_detection,0.024904
yolo_detection,0.026443
yolo_detection,0.024962
yolo_detection,0.023094
yolo_detection,0.025214
yolo_detection,0.023168
yolo_detection,0.025055
yolo_detection,0.023121
yolo_detection,0.023398
yolo_detection,0.023634
yolo_detection,0.025629
yolo_detection,0.023453
yolo_detection,0.023559
yolo_detection,0.025444
yolo_detection,0.025257
yolo_detection,0.024939
yolo_detection,0.023223
yolo_detection,0.023170
yolo_detection,0.023361
yolo_detection,0.023561
yolo_detection,0.023580
yolo_detection,0.023426
yolo_detection,0.023642
yolo_detection,0.025498
yolo_detection,0.025485
yolo_detection,0.023116
yolo_detection,0.023471
yolo_detection,0.023837
yolo_detection,0.023804
yolo_detection,0.023659
yolo_detection,0.025700
yolo_detection,0.028005
yolo_detection,0.025599
yolo_detection,0.025884
yolo_detection,0.025668
yolo_detection,0.025142
yolo_detection,0.025742
yolo_detection,0.025193
yolo_detection,0.025395
yolo_detection,0.025530
yolo_detection,0.025642
yolo_detection,0.027491
yolo_detection,0.025263
yolo_detection,0.025604
yolo_detection,0.025284
yolo_detection,0.024936
yolo_detection,0.027947
yolo_detection,0.025370
yolo_detection,0.025226
yolo_detection,0.025731
yolo_detection,0.025526
yolo_detection,0.026941
yolo_detection,0.027606
yolo_detection,0.024965
yolo_detection,0.027169
yolo_detection,0.024811
yolo_detection,0.025292
yolo_detection,0.025203
yolo_detection,0.025623
yolo_detection,0.025255
yolo_detection,0.027402
yolo_detection,0.025258
yolo_detection,0.027252
yolo_detection,0.025100
yolo_detection,0.027436
yolo_detection,0.027185
yolo_detection,0.024841
yolo_detection,0.027719
yolo_detection,0.024850
yolo_detection,0.025359
yolo_detection,0.025363
yolo_detection,0.025223
yolo_detection,0.025291
yolo_detection,0.024982
yolo_detection,0.025248
yolo_detection,0.026578
yolo_detection,0.024942
yolo_detection,0.026914
yolo_detection,0.025316
yolo_detection,0.025254
yolo_detection,0.027206
yolo_detection,0.024437
yolo_detection,0.025006
yolo_detection,0.025210
yolo_detection,0.024884
yolo_detection,0.027138
yolo_detection,0.024857
yolo_detection,0.027283
yolo_detection,0.025132
yolo_detection,0.024952
yolo_detection,0.027431
yolo_detection,0.026755
yolo_detection,0.026730
yolo_detection,0.026955
yolo_detection,0.026810
yolo_detection,0.024769
yolo_detection,0.026703
yolo_detection,0.024930
yolo_detection,0.026773
yolo_detection,0.027103
yolo_detection,0.026899
yolo_detection,0.026716
yolo_detection,0.025140
yolo_detection,0.025443
yolo_detection,0.025532
yolo_detection,0.027676
yolo_detection,0.027389
yolo_detection,0.024632
yolo_detection,0.025105
yolo_detection,0.025130
yolo_detection,0.027212
yolo_detection,0.027190
yolo_detection,0.024860
yolo_detection,0.024962
yolo_detection,0.027172
yolo_detection,0.025010
yolo_detection,0.024740
yolo_detection,0.025104
yolo_detection,0.027023
yolo_detection,0.026869
yolo_detection,0.025114
yolo_detection,0.025035
yolo_detection,0.024941
yolo_detection,0.025137
yolo_detection,0.025010
yolo_detection,0.027040
yolo_detection,0.024946
yolo_detection,0.026819
yolo_detection,0.027150
yolo_detection,0.024988
yolo_detection,0.026640
yolo_detection,0.025083
yolo_detection,0.025032
yolo_detection,0.025018
yolo_detection,0.027374
yolo_detection,0.026747
yolo_detection,0.026756
yolo_detection,0.026935
yolo_detection,0.026754
yolo_detection,0.025294
yolo_detection,0.027340
yolo_detection,0.027278
yolo_detection,0.026995
yolo_detection,0.024903
yolo_detection,0.026900
yolo_detection,0.024704
yolo_detection,0.026588
yolo_detection,0.024891
yolo_detection,0.024937
yolo_detection,0.027290
yolo_detection,0.024978
yolo_detection,0.025048
yolo_detection,0.025109
yolo_detection,0.027391
yolo_detection,0.024978
yolo_detection,0.025178
yolo_detection,0.026912
yolo_detection,0.024858
yolo_detection,0.027152
yolo_detection,0.028265
yolo_detection,0.027700
yolo_detection,0.024940
yolo_detection,0.026684
yolo_detection,0.027103
yolo_detection,0.026596
yolo_detection,0.024971
yolo_detection,0.024884
yolo_detection,0.025099
yolo_detection,0.026811
yolo_detection,0.027028
yolo_detection,0.027013
yolo_detection,0.025075
yolo_detection,0.025328
yolo_detection,0.025316
yolo_detection,0.027299
yolo_detection,0.027052
yolo_detection,0.024944
yolo_detection,0.024893
yolo_detection,0.024910
yolo_detection,0.025060
yolo_detection,0.025170
yolo_detection,0.027025
yolo_detection,0.026991
yolo_detection,0.026875
yolo_detection,0.025081
yolo_detection,0.024903
yolo_detection,0.025025
yolo_detection,0.025198
yolo_detection,0.027124
yolo_detection,0.026936
yolo_detection,0.024993
yolo_detection,0.025952
yolo_detection,0.025006
yolo_detection,0.025092
yolo_detection,0.024894
yolo_detection,0.024981
yolo_detection,0.025041
yolo_detection,0.026914
yolo_detection,0.025238
yolo_detection,0.028533
yolo_detection,0.025087
yolo_detection,0.025198
yolo_detection,0.025283
yolo_detection,0.024868
yolo_detection,0.027035
yolo_detection,0.025313
yolo_detection,0.027734
yolo_detection,0.027513
yolo_detection,0.024878
yolo_detection,0.026777
yolo_detection,0.026952
yolo_detection,0.024997
yolo_detection,0.024851
yolo_detection,0.025358
yolo_detection,0.024995
yolo_detection,0.026964
yolo_detection,0.025239
yolo_detection,0.025025
yolo_detection,0.026967
yolo_detection,0.027218
yolo_detection,0.024991
yolo_detection,0.024841
yolo_detection,0.025330
yolo_detection,0.027583
yolo_detection,0.027327
yolo_detection,0.027092
yolo_detection,0.024912
yolo_detection,0.025226
yolo_detection,0.027088
yolo_detection,0.026388
yolo_detection,0.025089
yolo_detection,0.025104
yolo_detection,0.026863
yolo_detection,0.025250
yolo_detection,0.025201
yolo_detection,0.027005
yolo_detection,0.026599
yolo_detection,0.025565
yolo_detection,0.027475
yolo_detection,0.025433
yolo_detection,0.025313
yolo_detection,0.025064
yolo_detection,0.026852
yolo_detection,0.025170
yolo_detection,0.024808
yolo_detection,0.027154
yolo_detection,0.025128
yolo_detection,0.027121
yolo_detection,0.027188
yolo_detection,0.025028
yolo_detection,0.027275
yolo_detection,0.027026
yolo_detection,0.025047
yolo_detection,0.024991
yolo_detection,0.025354
yolo_detection,0.025166
yolo_detection,0.027503
yolo_detection,0.026826
yolo_detection,0.024661
yolo_detection,0.025005
yolo_detection,0.027243
yolo_detection,0.026958
yolo_detection,0.025218
yolo_detection,0.025025
yolo_detection,0.027003
yolo_detection,0.026613
yolo_detection,0.025181
yolo_detection,0.026905
yolo_detection,0.026182
yolo_detection,0.027514
yolo_detection,0.026781
yolo_detection,0.025220
yolo_detection,0.025168
yolo_detection,0.024810
yolo_detection,0.024892
yolo_detection,0.027009
yolo_detection,0.024737
yolo_detection,0.026962
yolo_detection,0.024275
yolo_detection,0.024639
yolo_detection,0.024915
yolo_detection,0.026875
yolo_detection,0.026273
yolo_detection,0.026589
yolo_detection,0.024634
yolo_detection,0.024423
yolo_detection,0.026697
yolo_detection,0.024350
yolo_detection,0.024416
yolo_detection,0.026648
yolo_detection,0.024247
yolo_detection,0.024444
yolo_detection,0.024767
yolo_detection,0.024499
yolo_detection,0.024515
yolo_detection,0.023988
yolo_detection,0.026341
yolo_detection,0.024259
yolo_detection,0.024621
yolo_detection,0.024342
yolo_detection,0.026421
yolo_detection,0.025377
yolo_detection,0.026547
yolo_detection,0.025959
yolo_detection,0.023996
yolo_detection,0.026183
yolo_detection,0.025642
yolo_detection,0.024470
yolo_detection,0.024082
yolo_detection,0.024403
yolo_detection,0.026097
yolo_detection,0.024242
yolo_detection,0.024255
yolo_detection,0.024401
yolo_detection,0.024330
yolo_detection,0.026088
yolo_detection,0.024090
yolo_detection,0.024169
yolo_detection,0.024022
yolo_detection,0.024084
yolo_detection,0.024081
yolo_detection,0.024185
yolo_detection,0.024399
yolo_detection,0.024154
yolo_detection,0.024098
yolo_detection,0.024171
yolo_detection,0.023918
yolo_detection,0.025932
yolo_detection,0.025446
yolo_detection,0.023408
yolo_detection,0.025263
yolo_detection,0.025911
yolo_detection,0.022766
yolo_detection,0.025287
yolo_detection,0.022984
yolo_detection,0.024802
yolo_detection,0.024634
yolo_detection,0.022843
yolo_detection,0.025132
yolo_detection,0.023115
yolo_detection,0.025356
yolo_detection,0.023171
yolo_detection,0.023292
yolo_detection,0.025682
yolo_detection,0.023130
yolo_detection,0.025134
yolo_detection,0.023272
yolo_detection,0.025320
yolo_detection,0.025347
yolo_detection,0.023144
yolo_detection,0.024981
yolo_detection,0.025218
yolo_detection,0.024906
yolo_detection,0.022700
yolo_detection,0.023076
yolo_detection,0.023746
yolo_detection,0.023394
yolo_detection,0.023446
yolo_detection,0.026144
yolo_detection,0.023543
yolo_detection,0.025756
yolo_detection,0.023533
yolo_detection,0.023359
yolo_detection,0.023806
yolo_detection,0.025969
yolo_detection,0.023736
yolo_detection,0.023836
yolo_detection,0.023767
yolo_detection,0.023643
yolo_detection,0.025860
yolo_detection,0.025566
yolo_detection,0.023172
yolo_detection,0.023283
yolo_detection,0.025962
yolo_detection,0.023499
yolo_detection,0.023270
yolo_detection,0.023795
yolo_detection,0.023600
yolo_detection,0.025771
yolo_detection,0.025697
yolo_detection,0.023177
yolo_detection,0.023202
yolo_detection,0.023478
yolo_detection,0.025921
yolo_detection,0.025190
yolo_detection,0.023096
yolo_detection,0.025106
yolo_detection,0.025105
yolo_detection,0.023162
yolo_detection,0.023113
yolo_detection,0.023764
yolo_detection,0.023798
yolo_detection,0.025725
yolo_detection,0.025572
yolo_detection,0.023275
yolo_detection,0.025026
yolo_detection,0.023389
yolo_detection,0.023619
yolo_detection,0.024191
yolo_detection,0.025306
yolo_detection,0.022878
yolo_detection,0.022695
yolo_detection,0.024978
yolo_detection,0.023175
yolo_detection,0.022731
yolo_detection,0.022623
yolo_detection,0.023201
yolo_detection,0.023147
yolo_detection,0.023131
yolo_detection,0.022765
yolo_detection,0.023146
yolo_detection,0.025630
yolo_detection,0.025021
yolo_detection,0.024566
yolo_detection,0.024568
yolo_detection,0.024484
yolo_detection,0.024340
yolo_detection,0.024509
yolo_detection,0.022646
yolo_detection,0.024587
yolo_detection,0.022698
yolo_detection,0.023422
yolo_detection,0.024919
yolo_detection,0.023288
yolo_detection,0.024882
yolo_detection,0.022966
yolo_detection,0.024566
yolo_detection,0.022728
yolo_detection,0.024583
yolo_detection,0.022678
yolo_detection,0.022869
yolo_detection,0.023064
yolo_detection,0.022786
yolo_detection,0.023264
yolo_detection,0.023099
yolo_detection,0.025433
yolo_detection,0.025141
yolo_detection,0.022724
yolo_detection,0.025147
yolo_detection,0.026291
yolo_detection,0.027422
yolo_detection,0.026847
yolo_detection,0.024902
yolo_detection,0.025199
yolo_detection,0.022728
yolo_detection,0.023293
yolo_detection,0.025792
yolo_detection,0.025166
yolo_detection,0.023233
yolo_detection,0.023281
yolo_detection,0.023205
yolo_detection,0.023919
yolo_detection,0.025756
yolo_detection,0.025312
yolo_detection,0.027348
yolo_detection,0.027361
yolo_detection,0.025172
yolo_detection,0.025118
yolo_detection,0.027558
yolo_detection,0.027113
yolo_detection,0.024934
yolo_detection,0.022982
yolo_detection,0.026151
yolo_detection,0.025430
yolo_detection,0.025043
yolo_detection,0.025141
yolo_detection,0.025636
yolo_detection,0.025379
yolo_detection,0.027723
yolo_detection,0.027475
yolo_detection,0.025033
yolo_detection,0.026865
yolo_detection,0.025248
yolo_detection,0.027246
yolo_detection,0.024972
yolo_detection,0.027240
yolo_detection,0.026997
yolo_detection,0.026918
yolo_detection,0.024963
yolo_detection,0.026772
yolo_detection,0.025056
yolo_detection,0.025582
yolo_detection,0.027291
yolo_detection,0.024918
yolo_detection,0.025250
yolo_detection,0.025188
yolo_detection,0.027927
yolo_detection,0.025178
yolo_detection,0.027556
yolo_detection,0.025096
yolo_detection,0.027380
yolo_detection,0.026862
yolo_detection,0.026796
yolo_detection,0.027283
yolo_detection,0.025661
yolo_detection,0.026933
yolo_detection,0.025001
yolo_detection,0.026643
yolo_detection,0.026770
yolo_detection,0.025132
yolo_detection,0.025014
yolo_detection,0.025350
yolo_detection,0.025232
yolo_detection,0.025263
yolo_detection,0.025592
yolo_detection,0.025174
yolo_detection,0.025315
yolo_detection,0.025326
yolo_detection,0.025347
yolo_detection,0.025319
yolo_detection,0.026164
yolo_detection,0.025239
yolo_detection,0.025137
yolo_detection,0.025283
yolo_detection,0.025195
yolo_detection,0.027150
yolo_detection,0.026905
yolo_detection,0.026957
yolo_detection,0.024944
yolo_detection,0.027277
yolo_detection,0.025051
yolo_detection,0.024916
yolo_detection,0.025164
yolo_detection,0.027099
yolo_detection,0.024927
yolo_detection,0.028015
yolo_detection,0.025339
yolo_detection,0.025690
yolo_detection,0.027127
yolo_detection,0.026960
yolo_detection,0.027514
yolo_detection,0.025099
yolo_detection,0.026859
yolo_detection,0.024897
yolo_detection,0.025204
yolo_detection,0.025050
yolo_detection,0.025209
yolo_detection,0.025046
yolo_detection,0.026924
yolo_detection,0.025233
yolo_detection,0.025302
yolo_detection,0.025021
yolo_detection,0.025255
yolo_detection,0.025056
yolo_detection,0.025024
yolo_detection,0.026969
yolo_detection,0.025018
yolo_detection,0.024984
yolo_detection,0.031240
yolo_detection,0.028891
yolo_detection,0.027672
yolo_detection,0.026607
yolo_detection,0.026437
yolo_detection,0.025167
yolo_detection,0.024871
yolo_detection,0.026778
yolo_detection,0.026665
yolo_detection,0.027202
yolo_detection,0.027194
yolo_detection,0.026795
yolo_detection,0.026724
yolo_detection,0.026692
yolo_detection,0.026990
yolo_detection,0.028492
yolo_detection,0.027070
yolo_detection,0.026709
yolo_detection,0.026989
yolo_detection,0.026933
yolo_detection,0.026949
yolo_detection,0.027318
yolo_detection,0.027642
yolo_detection,0.026758
yolo_detection,0.027003
yolo_detection,0.027176
yolo_detection,0.026838
yolo_detection,0.027042
yolo_detection,0.026956
yolo_detection,0.027202
yolo_detection,0.027434
yolo_detection,0.027090
yolo_detection,0.027073
yolo_detection,0.026931
yolo_detection,0.026901
yolo_detection,0.027172
yolo_detection,0.027291
yolo_detection,0.027196
yolo_detection,0.027033
yolo_detection,0.027236
yolo_detection,0.027576
yolo_detection,0.027866
yolo_detection,0.027163
yolo_detection,0.027004
yolo_detection,0.026327
yolo_detection,0.027016
yolo_detection,0.027221
yolo_detection,0.027400
yolo_detection,0.027130
yolo_detection,0.026918
yolo_detection,0.027278
yolo_detection,0.027185
yolo_detection,0.027500
yolo_detection,0.027394
yolo_detection,0.026583
yolo_detection,0.027158
yolo_detection,0.027812
yolo_detection,0.026914
yolo_detection,0.026804
yolo_detection,0.027246
yolo_detection,0.026966
yolo_detection,0.027018
yolo_detection,0.026993
yolo_detection,0.026853
yolo_detection,0.027085
yolo_detection,0.027260
yolo_detection,0.026878
yolo_detection,0.027073
yolo_detection,0.027592
yolo_detection,0.027019
yolo_detection,0.027380
yolo_detection,0.027327
yolo_detection,0.027893
yolo_detection,0.028431
yolo_detection,0.027609
yolo_detection,0.026862
yolo_detection,0.027193
yolo_detection,0.027488
yolo_detection,0.027313
yolo_detection,0.027173
yolo_detection,0.028041
yolo_detection,0.027783
yolo_detection,0.027493
yolo_detection,0.026984
yolo_detection,0.027060
yolo_detection,0.027412
yolo_detection,0.027047
yolo_detection,0.026926
yolo_detection,0.027665
yolo_detection,0.027279
yolo_detection,0.027388
yolo_detection,0.027678
yolo_detection,0.027643
yolo_detection,0.026988
yolo_detection,0.027260
yolo_detection,0.027274
yolo_detection,0.027351
yolo_detection,0.027388
yolo_detection,0.027121
yolo_detection,0.027320
yolo_detection,0.027332
yolo_detection,0.027477
yolo_detection,0.027293
yolo_detection,0.027893
yolo_detection,0.028102
yolo_detection,0.027321
yolo_detection,0.027275
yolo_detection,0.026991
yolo_detection,0.027579
yolo_detection,0.026985
yolo_detection,0.027306
yolo_detection,0.027519
yolo_detection,0.027772
yolo_detection,0.027593
yolo_detection,0.027377
yolo_detection,0.026835
yolo_detection,0.027516
yolo_detection,0.027316
yolo_detection,0.027168
yolo_detection,0.026939
yolo_detection,0.027543
yolo_detection,0.027271
yolo_detection,0.027431
yolo_detection,0.027263
yolo_detection,0.027429
yolo_detection,0.027060
yolo_detection,0.027702
yolo_detection,0.027276
yolo_detection,0.027131
yolo_detection,0.027457
yolo_detection,0.026636
yolo_detection,0.027746
yolo_detection,0.027791
yolo_detection,0.027740
yolo_detection,0.026754
yolo_detection,0.028097
yolo_detection,0.027615
yolo_detection,0.027084
yolo_detection,0.027492
yolo_detection,0.027068
yolo_detection,0.027711
yolo_detection,0.027268
yolo_detection,0.027462
yolo_detection,0.027522
yolo_detection,0.027839
yolo_detection,0.027157
yolo_detection,0.027282
yolo_detection,0.027445
yolo_detection,0.027464
yolo_detection,0.027131
yolo_detection,0.027299
yolo_detection,0.027177
yolo_detection,0.027159
yolo_detection,0.027291
yolo_detection,0.026599
yolo_detection,0.027668
yolo_detection,0.027037
yolo_detection,0.026633
yolo_detection,0.027194
yolo_detection,0.027044
yolo_detection,0.026629
yolo_detection,0.027252
yolo_detection,0.027150
yolo_detection,0.026883
yolo_detection,0.027889
yolo_detection,0.027057
yolo_detection,0.027044
yolo_detection,0.027349
yolo_detection,0.026882
yolo_detection,0.027221
yolo_detection,0.026314
yolo_detection,0.026692
yolo_detection,0.027527
yolo_detection,0.027043
yolo_detection,0.026847
yolo_detection,0.027119
yolo_detection,0.026995
yolo_detection,0.027044
yolo_detection,0.027014
yolo_detection,0.026904
yolo_detection,0.026847
yolo_detection,0.026788
yolo_detection,0.026665
yolo_detection,0.026982
yolo_detection,0.026477
yolo_detection,0.026878
yolo_detection,0.027099
yolo_detection,0.027075
yolo_detection,0.026304
yolo_detection,0.026677
yolo_detection,0.026361
yolo_detection,0.025994
yolo_detection,0.025665
yolo_detection,0.025821
yolo_detection,0.025838
yolo_detection,0.025802
yolo_detection,0.025666
yolo_detection,0.025408
yolo_detection,0.026710
yolo_detection,0.026004
yolo_detection,0.026002
yolo_detection,0.025362
yolo_detection,0.026137
yolo_detection,0.025547
yolo_detection,0.025444
yolo_detection,0.025592
yolo_detection,0.025511
yolo_detection,0.024980
yolo_detection,0.025818
yolo_detection,0.025449
yolo_detection,0.024859
yolo_detection,0.025727
yolo_detection,0.025267
yolo_detection,0.024794
yolo_detection,0.025095
yolo_detection,0.025035
yolo_detection,0.025236
yolo_detection,0.025367
yolo_detection,0.025209
yolo_detection,0.025021
yolo_detection,0.025087
yolo_detection,0.025309
yolo_detection,0.025228
yolo_detection,0.025081
yolo_detection,0.025153
yolo_detection,0.025065
yolo_detection,0.024684
yolo_detection,0.024981
yolo_detection,0.024942
yolo_detection,0.025972
yolo_detection,0.025786
yolo_detection,0.025781
yolo_detection,0.025191
yolo_detection,0.025021
yolo_detection,0.024736
yolo_detection,0.025213
yolo_detection,0.024605
yolo_detection,0.024783
yolo_detection,0.025093
yolo_detection,0.025429
yolo_detection,0.025155
yolo_detection,0.024894
yolo_detection,0.025515
yolo_detection,0.025099
yolo_detection,0.025382
yolo_detection,0.025614
yolo_detection,0.024843
yolo_detection,0.024792
yolo_detection,0.024874
yolo_detection,0.025045
yolo_detection,0.025284
yolo_detection,0.025301
yolo_detection,0.025338
yolo_detection,0.025741
yolo_detection,0.025102
yolo_detection,0.025060
yolo_detection,0.025170
yolo_detection,0.024913
yolo_detection,0.025317
yolo_detection,0.025346
yolo_detection,0.024801
yolo_detection,0.025408
yolo_detection,0.026279
yolo_detection,0.024968
yolo_detection,0.025015
yolo_detection,0.024980
yolo_detection,0.025040
yolo_detection,0.025537
yolo_detection,0.025167
yolo_detection,0.024876
yolo_detection,0.025119
yolo_detection,0.024779
yolo_detection,0.025454
yolo_detection,0.025344
yolo_detection,0.024890
yolo_detection,0.025267
yolo_detection,0.025441
yolo_detection,0.025005
yolo_detection,0.025151
yolo_detection,0.024853
yolo_detection,0.025562
yolo_detection,0.025103
yolo_detection,0.024577
yolo_detection,0.025252
yolo_detection,0.025088
yolo_detection,0.024890
yolo_detection,0.024880
yolo_detection,0.025361
yolo_detection,0.025191
yolo_detection,0.025168
yolo_detection,0.025129
yolo_detection,0.024596
yolo_detection,0.025484
yolo_detection,0.025047
yolo_detection,0.025500
yolo_detection,0.024873
yolo_detection,0.025079
yolo_detection,0.024808
yolo_detection,0.025130
yolo_detection,0.025049
yolo_detection,0.025050
yolo_detection,0.024857
yolo_detection,0.025086
yolo_detection,0.024889
yolo_detection,0.025112
yolo_detection,0.024799
yolo_detection,0.025105
yolo_detection,0.025291
yolo_detection,0.024860
yolo_detection,0.025006
yolo_detection,0.024963
yolo_detection,0.025316
yolo_detection,0.024816
yolo_detection,0.024656
yolo_detection,0.025155
yolo_detection,0.024643
yolo_detection,0.025212
yolo_detection,0.024919
yolo_detection,0.024825
yolo_detection,0.025147
yolo_detection,0.025192
yolo_detection,0.025165
yolo_detection,0.025426
yolo_detection,0.025192
yolo_detection,0.024843
yolo_detection,0.025356
yolo_detection,0.025331
yolo_detection,0.027634
yolo_detection,0.027251
yolo_detection,0.027443
yolo_detection,0.026963
yolo_detection,0.026596
yolo_detection,0.027000
yolo_detection,0.027270
yolo_detection,0.027156
yolo_detection,0.027111
yolo_detection,0.027454
yolo_detection,0.027284
yolo_detection,0.027234
yolo_detection,0.027140
yolo_detection,0.026920
yolo_detection,0.026982
yolo_detection,0.027406
yolo_detection,0.026923
yolo_detection,0.027036
yolo_detection,0.027462
yolo_detection,0.027182
yolo_detection,0.026858
yolo_detection,0.027249
yolo_detection,0.026902
yolo_detection,0.027823
yolo_detection,0.027474
yolo_detection,0.027163
yolo_detection,0.027019
yolo_detection,0.027032
yolo_detection,0.027079
yolo_detection,0.027483
yolo_detection,0.027849
yolo_detection,0.027557
yolo_detection,0.027087
yolo_detection,0.027098
yolo_detection,0.027178
yolo_detection,0.027341
yolo_detection,0.027228
yolo_detection,0.027599
yolo_detection,0.027149
yolo_detection,0.026868
yolo_detection,0.027279
yolo_detection,0.027141
yolo_detection,0.027046
yolo_detection,0.027937
yolo_detection,0.027378
yolo_detection,0.027927
yolo_detection,0.027078
yolo_detection,0.027340
yolo_detection,0.026934
yolo_detection,0.028027
yolo_detection,0.027057
yolo_detection,0.027478
yolo_detection,0.027231
yolo_detection,0.027338
yolo_detection,0.027200
yolo_detection,0.027071
yolo_detection,0.026958
yolo_detection,0.027102
yolo_detection,0.027229
yolo_detection,0.027092
yolo_detection,0.027071
yolo_detection,0.027812
yolo_detection,0.029516
yolo_detection,0.027745
yolo_detection,0.027210
yolo_detection,0.027330
yolo_detection,0.026980
yolo_detection,0.027236
yolo_detection,0.027025
yolo_detection,0.027625
yolo_detection,0.027322
yolo_detection,0.026612
yolo_detection,0.027230
yolo_detection,0.026725
yolo_detection,0.027526
yolo_detection,0.027531
yolo_detection,0.028177
yolo_detection,0.027254
yolo_detection,0.026999
yolo_detection,0.027101
yolo_detection,0.027286
yolo_detection,0.027478
yolo_detection,0.027047
yolo_detection,0.027030
yolo_detection,0.027232
yolo_detection,0.027823
yolo_detection,0.027445
yolo_detection,0.027148
yolo_detection,0.026868
yolo_detection,0.027169
yolo_detection,0.027292
yolo_detection,0.027171
yolo_detection,0.027611
yolo_detection,0.027406
yolo_detection,0.027712
yolo_detection,0.027626
yolo_detection,0.027802
yolo_detection,0.027586
yolo_detection,0.027270
yolo_detection,0.026892
yolo_detection,0.027603
yolo_detection,0.026404
yolo_detection,0.026941
yolo_detection,0.026853
yolo_detection,0.027185
yolo_detection,0.027264
yolo_detection,0.026984
yolo_detection,0.027290
yolo_detection,0.030116
yolo_detection,0.027134
yolo_detection,0.027512
yolo_detection,0.027558
yolo_detection,0.027232
yolo_detection,0.028029
yolo_detection,0.026996
yolo_detection,0.027523
yolo_detection,0.027109
yolo_detection,0.027361
yolo_detection,0.027227
yolo_detection,0.027287
yolo_detection,0.027586
yolo_detection,0.027201
yolo_detection,0.027579
yolo_detection,0.027024
yolo_detection,0.026798
yolo_detection,0.027533
yolo_detection,0.027631
yolo_detection,0.027136
yolo_detection,0.027344
yolo_detection,0.027241
yolo_detection,0.027392
yolo_detection,0.027344
yolo_detection,0.027356
yolo_detection,0.026451
yolo_detection,0.027652
yolo_detection,0.027085
yolo_detection,0.027229
yolo_detection,0.027130
yolo_detection,0.026929
yolo_detection,0.026964
yolo_detection,0.027474
yolo_detection,0.027465
yolo_detection,0.027426
yolo_detection,0.027586
yolo_detection,0.026969
yolo_detection,0.027377
yolo_detection,0.027056
yolo_detection,0.027054
yolo_detection,0.027511
yolo_detection,0.027422
yolo_detection,0.027158
yolo_detection,0.027256
yolo_detection,0.027358
yolo_detection,0.027189
yolo_detection,0.027776
yolo_detection,0.027629
yolo_detection,0.027275
yolo_detection,0.027794
yolo_detection,0.027297
yolo_detection,0.027000
yolo_detection,0.027560
yolo_detection,0.027009
yolo_detection,0.026957
yolo_detection,0.027259
yolo_detection,0.026866
yolo_detection,0.026900
yolo_detection,0.027473
yolo_detection,0.027329
yolo_detection,0.026986
yolo_detection,0.027070
yolo_detection,0.027048
yolo_detection,0.032382
yolo_detection,0.026764
yolo_detection,0.027363
yolo_detection,0.026741
yolo_detection,0.027443
yolo_detection,0.027339
yolo_detection,0.027216
yolo_detection,0.027870
yolo_detection,0.027500
yolo_detection,0.027621
yolo_detection,0.027298
yolo_detection,0.027155
yolo_detection,0.030254
yolo_detection,0.027429
yolo_detection,0.027918
yolo_detection,0.027235
yolo_detection,0.028058
yolo_detection,0.028496
yolo_detection,0.027651
yolo_detection,0.027803
yolo_detection,0.027092
yolo_detection,0.027145
yolo_detection,0.027081
yolo_detection,0.026922
yolo_detection,0.027140
yolo_detection,0.026881
yolo_detection,0.027209
yolo_detection,0.027194
yolo_detection,0.026976
yolo_detection,0.027165
yolo_detection,0.027316
yolo_detection,0.027256
yolo_detection,0.026894
yolo_detection,0.027465
yolo_detection,0.028272
yolo_detection,0.027550
yolo_detection,0.027683
yolo_detection,0.027386
yolo_detection,0.027967
yolo_detection,0.027316
yolo_detection,0.027348
yolo_detection,0.027700
yolo_detection,0.027663
yolo_detection,0.027064
yolo_detection,0.027032
yolo_detection,0.027492
yolo_detection,0.027623
yolo_detection,0.027624
yolo_detection,0.027455
yolo_detection,0.027782
yolo_detection,0.027809
yolo_detection,0.027734
yolo_detection,0.026795
yolo_detection,0.027333
yolo_detection,0.026918
yolo_detection,0.026979
yolo_detection,0.027293
yolo_detection,0.027271
yolo_detection,0.027304
yolo_detection,0.027569
yolo_detection,0.027324
yolo_detection,0.027040
yolo_detection,0.027433
yolo_detection,0.026997
yolo_detection,0.027713
yolo_detection,0.027548
yolo_detection,0.027028
yolo_detection,0.026893
yolo_detection,0.027234
yolo_detection,0.027269
yolo_detection,0.028051
yolo_detection,0.027672
yolo_detection,0.027658
yolo_detection,0.026942
yolo_detection,0.027486
yolo_detection,0.027049
yolo_detection,0.027522
yolo_detection,0.027706
yolo_detection,0.027671
yolo_detection,0.027279
yolo_detection,0.027528
yolo_detection,0.027682
yolo_detection,0.027842
yolo_detection,0.027160
yolo_detection,0.026932
yolo_detection,0.027273
yolo_detection,0.027497
yolo_detection,0.027560
yolo_detection,0.027377
yolo_detection,0.027162
yolo_detection,0.027120
yolo_detection,0.027395
yolo_detection,0.027165
yolo_detection,0.027252
yolo_detection,0.027681
yolo_detection,0.026895
yolo_detection,0.026709
yolo_detection,0.026805
yolo_detection,0.027356
yolo_detection,0.026608
yolo_detection,0.026790
yolo_detection,0.026824
yolo_detection,0.026742
yolo_detection,0.026948
yolo_detection,0.026455
yolo_detection,0.026404
yolo_detection,0.026743
yolo_detection,0.026383
yolo_detection,0.026486
yolo_detection,0.026948
yolo_detection,0.026780
yolo_detection,0.026793
yolo_detection,0.026365
yolo_detection,0.026901
yolo_detection,0.027133
yolo_detection,0.027231
yolo_detection,0.027202
yolo_detection,0.026887
yolo_detection,0.027174
yolo_detection,0.026272
yolo_detection,0.027070
yolo_detection,0.026968
yolo_detection,0.026252
yolo_detection,0.026177
yolo_detection,0.026190
yolo_detection,0.025669
yolo_detection,0.026303
yolo_detection,0.025808
yolo_detection,0.025794
yolo_detection,0.025419
yolo_detection,0.025802
yolo_detection,0.025796
yolo_detection,0.025443
yolo_detection,0.025392
yolo_detection,0.025956
yolo_detection,0.025540
yolo_detection,0.025269
yolo_detection,0.025482
yolo_detection,0.025178
yolo_detection,0.025363
yolo_detection,0.025627
yolo_detection,0.025324
yolo_detection,0.025335
yolo_detection,0.025194
yolo_detection,0.024940
yolo_detection,0.025935
yolo_detection,0.025716
yolo_detection,0.025444
yolo_detection,0.024861
yolo_detection,0.024976
yolo_detection,0.025261
yolo_detection,0.024988
yolo_detection,0.025614
yolo_detection,0.025214
yolo_detection,0.025651
yolo_detection,0.025036
yolo_detection,0.024698
yolo_detection,0.025016
yolo_detection,0.025091
yolo_detection,0.024897
yolo_detection,0.025435
yolo_detection,0.025282
yolo_detection,0.024915
yolo_detection,0.025157
yolo_detection,0.024808
yolo_detection,0.025683
yolo_detection,0.025254
yolo_detection,0.025099
yolo_detection,0.024739
yolo_detection,0.027460
yolo_detection,0.024941
yolo_detection,0.025070
yolo_detection,0.025486
yolo_detection,0.024730
yolo_detection,0.025178
yolo_detection,0.025914
yolo_detection,0.025110
yolo_detection,0.025142
yolo_detection,0.025029
yolo_detection,0.025026
yolo_detection,0.024547
yolo_detection,0.025158
yolo_detection,0.025618
yolo_detection,0.024883
yolo_detection,0.025077
yolo_detection,0.025113
yolo_detection,0.025118
yolo_detection,0.024708
yolo_detection,0.024817
yolo_detection,0.025127
yolo_detection,0.025941
yolo_detection,0.025180
yolo_detection,0.024976
yolo_detection,0.024872
yolo_detection,0.024870
yolo_detection,0.025167
yolo_detection,0.024789
yolo_detection,0.024786
yolo_detection,0.025023
yolo_detection,0.024745
yolo_detection,0.025292
yolo_detection,0.024731
yolo_detection,0.024510
yolo_detection,0.025302
yolo_detection,0.025301
yolo_detection,0.024883
yolo_detection,0.025044
yolo_detection,0.024728
yolo_detection,0.024793
yolo_detection,0.025282
yolo_detection,0.025037
yolo_detection,0.025374
yolo_detection,0.024825
yolo_detection,0.024743
yolo_detection,0.025690
yolo_detection,0.025803
yolo_detection,0.024807
yolo_detection,0.025548
yolo_detection,0.025618
yolo_detection,0.025093
yolo_detection,0.024792
yolo_detection,0.025784
yolo_detection,0.025960
yolo_detection,0.024478
yolo_detection,0.025710
yolo_detection,0.025177
yolo_detection,0.025867
yolo_detection,0.025066
yolo_detection,0.027371
yolo_detection,0.027661
yolo_detection,0.027026
yolo_detection,0.027474
yolo_detection,0.027450
yolo_detection,0.027361
yolo_detection,0.027331
yolo_detection,0.026891
yolo_detection,0.027315
yolo_detection,0.026962
yolo_detection,0.026868
yolo_detection,0.027497
yolo_detection,0.027456
yolo_detection,0.027163
yolo_detection,0.027313
yolo_detection,0.027400
yolo_detection,0.027346
yolo_detection,0.027811
yolo_detection,0.027305
yolo_detection,0.027342
yolo_detection,0.027435
yolo_detection,0.027369
yolo_detection,0.027442
yolo_detection,0.027859
yolo_detection,0.027122
yolo_detection,0.027834
yolo_detection,0.027975
yolo_detection,0.027506
yolo_detection,0.027119
yolo_detection,0.027310
yolo_detection,0.027436
yolo_detection,0.028031
yolo_detection,0.028754
yolo_detection,0.027616
yolo_detection,0.027605
yolo_detection,0.027392
yolo_detection,0.027161
yolo_detection,0.027869
yolo_detection,0.027042
yolo_detection,0.027187
yolo_detection,0.026901
yolo_detection,0.026817
yolo_detection,0.027257
yolo_detection,0.027228
yolo_detection,0.027529
yolo_detection,0.026516
yolo_detection,0.026943
yolo_detection,0.026764
yolo_detection,0.026972
yolo_detection,0.026847
yolo_detection,0.027020
yolo_detection,0.027116
yolo_detection,0.026909
yolo_detection,0.027119
yolo_detection,0.026763
yolo_detection,0.026815
yolo_detection,0.027018
yolo_detection,0.027886
yolo_detection,0.026960
yolo_detection,0.028090
yolo_detection,0.027289
yolo_detection,0.027050
yolo_detection,0.027104
yolo_detection,0.027089
yolo_detection,0.026402
yolo_detection,0.026254
yolo_detection,0.026920
yolo_detection,0.026696
yolo_detection,0.026865
yolo_detection,0.027081
yolo_detection,0.026849
yolo_detection,0.027230
yolo_detection,0.026938
yolo_detection,0.026830
yolo_detection,0.026651
yolo_detection,0.026831
yolo_detection,0.027100
yolo_detection,0.027138
yolo_detection,0.027008
yolo_detection,0.027109
yolo_detection,0.026461
yolo_detection,0.028869
yolo_detection,0.026897
yolo_detection,0.026846
yolo_detection,0.027197
yolo_detection,0.027082
yolo_detection,0.026657
yolo_detection,0.027243
yolo_detection,0.027085
yolo_detection,0.026979
yolo_detection,0.027557
yolo_detection,0.027534
yolo_detection,0.026967
yolo_detection,0.027176
yolo_detection,0.026953
yolo_detection,0.026670
yolo_detection,0.027329
yolo_detection,0.027415
yolo_detection,0.027344
yolo_detection,0.027599
yolo_detection,0.027321
yolo_detection,0.027309
yolo_detection,0.027419
yolo_detection,0.027368
yolo_detection,0.027244
yolo_detection,0.027345
yolo_detection,0.027220
yolo_detection,0.027177
yolo_detection,0.027513
yolo_detection,0.027055
yolo_detection,0.027217
yolo_detection,0.027173
yolo_detection,0.026697
yolo_detection,0.026803
yolo_detection,0.027281
yolo_detection,0.027325
yolo_detection,0.027424
yolo_detection,0.026927
yolo_detection,0.026960
yolo_detection,0.026528
yolo_detection,0.027285
yolo_detection,0.026921
yolo_detection,0.027477
yolo_detection,0.027505
yolo_detection,0.026774
yolo_detection,0.026960
yolo_detection,0.027231
yolo_detection,0.027172
yolo_detection,0.027451
yolo_detection,0.027174
yolo_detection,0.026812
yolo_detection,0.027039
yolo_detection,0.026869
yolo_detection,0.027061
yolo_detection,0.026914
yolo_detection,0.027269
yolo_detection,0.027277
yolo_detection,0.027193
yolo_detection,0.026884
yolo_detection,0.027270
yolo_detection,0.026703
yolo_detection,0.027215
yolo_detection,0.027214
yolo_detection,0.026982
yolo_detection,0.026888
yolo_detection,0.027416
yolo_detection,0.027368
yolo_detection,0.027108
yolo_detection,0.027372
yolo_detection,0.027214
yolo_detection,0.027186
yolo_detection,0.027027
yolo_detection,0.027147
yolo_detection,0.027496
yolo_detection,0.027749
yolo_detection,0.027268
yolo_detection,0.026988
yolo_detection,0.027287
yolo_detection,0.027141
yolo_detection,0.026919
yolo_detection,0.027365
yolo_detection,0.026860
yolo_detection,0.026861
yolo_detection,0.027050
yolo_detection,0.027100
yolo_detection,0.027304
yolo_detection,0.027381
yolo_detection,0.027011
yolo_detection,0.026734
yolo_detection,0.027549
yolo_detection,0.026718
yolo_detection,0.027412
yolo_detection,0.027533
yolo_detection,0.026822
yolo_detection,0.026945
yolo_detection,0.027168
yolo_detection,0.026840
yolo_detection,0.027347
yolo_detection,0.027057
yolo_detection,0.027156
yolo_detection,0.026984
yolo_detection,0.027009
yolo_detection,0.026923
yolo_detection,0.026918
yolo_detection,0.026969
yolo_detection,0.028012
yolo_detection,0.027370
yolo_detection,0.027448
yolo_detection,0.026765
yolo_detection,0.027251
yolo_detection,0.027428
yolo_detection,0.026726
yolo_detection,0.027250
yolo_detection,0.027257
yolo_detection,0.026705
yolo_detection,0.027464
yolo_detection,0.026865
yolo_detection,0.027525
yolo_detection,0.027066
yolo_detection,0.027085
yolo_detection,0.026982
yolo_detection,0.027404
yolo_detection,0.026694
yolo_detection,0.026763
yolo_detection,0.026982
yolo_detection,0.027047
yolo_detection,0.027321
yolo_detection,0.027087
yolo_detection,0.027081
yolo_detection,0.027189
yolo_detection,0.026986
yolo_detection,0.027118
yolo_detection,0.027323
yolo_detection,0.027206
yolo_detection,0.026806
yolo_detection,0.026755
yolo_detection,0.027227
yolo_detection,0.027449
yolo_detection,0.027654
yolo_detection,0.027077
yolo_detection,0.026936
yolo_detection,0.027573
yolo_detection,0.027468
yolo_detection,0.026999
yolo_detection,0.027214
yolo_detection,0.027140
yolo_detection,0.027066
yolo_detection,0.027023
yolo_detection,0.026901
yolo_detection,0.026887
yolo_detection,0.027399
yolo_detection,0.026930
yolo_detection,0.026722
yolo_detection,0.027348
yolo_detection,0.027186
yolo_detection,0.027316
yolo_detection,0.027674
yolo_detection,0.026828
yolo_detection,0.026821
yolo_detection,0.027341
yolo_detection,0.027065
yolo_detection,0.027040
yolo_detection,0.027589
yolo_detection,0.027488
yolo_detection,0.027419
yolo_detection,0.027450
yolo_detection,0.027016
yolo_detection,0.027440
yolo_detection,0.027463
yolo_detection,0.027351
yolo_detection,0.028170
yolo_detection,0.027028
yolo_detection,0.026788
yolo_detection,0.027446
yolo_detection,0.027330
yolo_detection,0.028729
yolo_detection,0.026790
yolo_detection,0.027277
yolo_detection,0.026898
yolo_detection,0.027253
yolo_detection,0.027086
yolo_detection,0.027075
yolo_detection,0.027534
yolo_detection,0.026987
yolo_detection,0.027100
yolo_detection,0.027402
yolo_detection,0.027105
yolo_detection,0.027375
yolo_detection,0.027187
yolo_detection,0.027074
yolo_detection,0.027087
yolo_detection,0.027581
yolo_detection,0.026848
yolo_detection,0.026957
yolo_detection,0.027503
yolo_detection,0.026694
yolo_detection,0.027329
yolo_detection,0.027446
yolo_detection,0.026910
yolo_detection,0.026935
yolo_detection,0.027106
yolo_detection,0.028346
yolo_detection,0.028147
yolo_detection,0.026394
yolo_detection,0.027656
yolo_detection,0.027082
yolo_detection,0.027203
yolo_detection,0.026777
yolo_detection,0.026653
yolo_detection,0.027226
yolo_detection,0.027223
yolo_detection,0.027286
yolo_detection,0.026723
yolo_detection,0.027106
yolo_detection,0.026425
yolo_detection,0.026765
yolo_detection,0.027118
yolo_detection,0.026982
yolo_detection,0.026855
yolo_detection,0.026564
yolo_detection,0.026377
yolo_detection,0.026412
yolo_detection,0.026350
yolo_detection,0.026361
yolo_detection,0.026666
yolo_detection,0.026884
yolo_detection,0.026670
yolo_detection,0.026580
yolo_detection,0.026640
yolo_detection,0.026398
yolo_detection,0.026876
yolo_detection,0.026500
yolo_detection,0.026709
yolo_detection,0.026648
yolo_detection,0.026785
yolo_detection,0.026722
yolo_detection,0.026530
yolo_detection,0.026436
yolo_detection,0.026035
yolo_detection,0.026700
yolo_detection,0.025797
yolo_detection,0.025863
yolo_detection,0.025700
yolo_detection,0.026325
yolo_detection,0.026329
yolo_detection,0.025679
yolo_detection,0.025561
yolo_detection,0.025719
yolo_detection,0.025527
yolo_detection,0.025810
yolo_detection,0.025754
yolo_detection,0.025791
yolo_detection,0.024758
yolo_detection,0.025392
yolo_detection,0.025246
yolo_detection,0.026986
yolo_detection,0.025035
yolo_detection,0.025495
yolo_detection,0.024932
yolo_detection,0.027476
yolo_detection,0.024957
yolo_detection,0.024625
yolo_detection,0.025172
yolo_detection,0.025165
yolo_detection,0.026447
yolo_detection,0.025253
yolo_detection,0.025057
yolo_detection,0.024847
yolo_detection,0.024977
yolo_detection,0.024581
yolo_detection,0.025122
yolo_detection,0.024887
yolo_detection,0.024674
yolo_detection,0.024933
yolo_detection,0.024875
yolo_detection,0.024892
yolo_detection,0.024929
yolo_detection,0.024910
yolo_detection,0.024919
yolo_detection,0.024689
yolo_detection,0.025132
yolo_detection,0.024578
yolo_detection,0.024946
yolo_detection,0.024960
yolo_detection,0.024899
yolo_detection,0.024615
yolo_detection,0.025103
yolo_detection,0.024837
yolo_detection,0.024960
yolo_detection,0.025294
yolo_detection,0.024818
yolo_detection,0.024935
yolo_detection,0.024739
yolo_detection,0.024541
yolo_detection,0.024935
yolo_detection,0.025617
yolo_detection,0.026108
yolo_detection,0.024821
yolo_detection,0.024843
yolo_detection,0.024810
yolo_detection,0.024805
yolo_detection,0.024536
yolo_detection,0.024601
yolo_detection,0.024982
yolo_detection,0.024746
yolo_detection,0.024657
yolo_detection,0.025099
yolo_detection,0.024906
yolo_detection,0.024966
yolo_detection,0.024818
yolo_detection,0.025041
yolo_detection,0.024702
yolo_detection,0.024974
yolo_detection,0.024851
yolo_detection,0.025320
yolo_detection,0.024864
yolo_detection,0.024963
yolo_detection,0.025015
yolo_detection,0.024760
yolo_detection,0.024691
yolo_detection,0.024934
yolo_detection,0.024978
yolo_detection,0.024789
yolo_detection,0.024893
yolo_detection,0.025244
yolo_detection,0.024686
yolo_detection,0.024938
yolo_detection,0.025254
yolo_detection,0.024619
yolo_detection,0.024767
yolo_detection,0.024687
yolo_detection,0.024680
yolo_detection,0.025067
yolo_detection,0.024765
yolo_detection,0.024748
yolo_detection,0.024693
yolo_detection,0.024689
yolo_detection,0.025053
yolo_detection,0.024968
yolo_detection,0.024984
yolo_detection,0.024703
yolo_detection,0.024770
yolo_detection,0.024954
yolo_detection,0.025065
yolo_detection,0.025716
yolo_detection,0.025071
yolo_detection,0.025344
yolo_detection,0.025027
yolo_detection,0.024846
yolo_detection,0.024841
yolo_detection,0.035342
yolo_detection,0.044960
yolo_detection,0.046979
yolo_detection,0.047168
yolo_detection,0.038177
yolo_detection,0.047474
yolo_detection,0.039601
yolo_detection,0.032548
yolo_detection,0.033470
yolo_detection,0.030175
yolo_detection,0.029066
yolo_detection,0.031541
yolo_detection,0.029548
yolo_detection,0.030345
yolo_detection,0.028105
yolo_detection,0.029444
yolo_detection,0.028142
yolo_detection,0.026569
yolo_detection,0.033604
yolo_detection,0.031901
yolo_detection,0.030760
yolo_detection,0.028999
yolo_detection,0.029449
yolo_detection,0.027582
yolo_detection,0.027457
yolo_detection,0.027475
yolo_detection,0.026226
yolo_detection,0.023379
yolo_detection,0.023329
yolo_detection,0.023323
yolo_detection,0.022233
yolo_detection,0.022510
yolo_detection,0.022474
yolo_detection,0.021607
yolo_detection,0.022232
yolo_detection,0.023159
yolo_detection,0.023808
yolo_detection,0.021195
sam_segmentation,1.400949
sam_segmentation,0.828355
sam_segmentation,0.704373
sam_segmentation,0.633214
sam_segmentation,0.620093
sam_segmentation,0.622291
sam_segmentation,0.625142
sam_segmentation,0.623551
sam_segmentation,0.650318
sam_segmentation,0.627036
sam_segmentation,0.625767
sam_segmentation,0.625995
sam_segmentation,0.625645
sam_segmentation,0.626489
sam_segmentation,0.627044
sam_segmentation,0.626064
sam_segmentation,0.626642
sam_segmentation,0.624800
sam_segmentation,0.626548
sam_segmentation,0.626273
sam_segmentation,0.624970
sam_segmentation,0.627628
sam_segmentation,0.629609
sam_segmentation,0.628761
sam_segmentation,0.628564
sam_segmentation,0.627506
sam_segmentation,0.626709
sam_segmentation,0.678553
sam_segmentation,0.745495
sam_segmentation,0.625227
sam_segmentation,0.619476
sam_segmentation,0.620481
sam_segmentation,0.622223
sam_segmentation,0.621787
sam_segmentation,0.618734
sam_segmentation,0.622096
sam_segmentation,0.622051
sam_segmentation,0.624294
sam_segmentation,0.606169
sam_segmentation,0.670176
sam_segmentation,0.622907
sam_segmentation,0.622101
sam_segmentation,0.621042
sam_segmentation,0.624879
sam_segmentation,0.621632
sam_segmentation,0.619016
sam_segmentation,0.629496
sam_segmentation,0.677580
sam_segmentation,0.627954
sam_segmentation,0.622795
sam_segmentation,0.622058
sam_segmentation,0.623232
sam_segmentation,0.623032
sam_segmentation,0.623041
sam_segmentation,0.621198
sam_segmentation,0.623946
sam_segmentation,0.710600
sam_segmentation,0.713890
sam_segmentation,0.622320
sam_segmentation,0.623240
sam_segmentation,0.624074
sam_segmentation,0.625195
sam_segmentation,0.623553
sam_segmentation,0.622321
sam_segmentation,0.629438
sam_segmentation,0.623494
sam_segmentation,0.626808
sam_segmentation,0.620972
sam_segmentation,0.623714
sam_segmentation,0.620858
sam_segmentation,0.622687
sam_segmentation,0.622447
sam_segmentation,0.623825
sam_segmentation,0.626049
sam_segmentation,0.621044
sam_segmentation,0.623530
sam_segmentation,0.622970
sam_segmentation,0.626563
sam_segmentation,0.623415
sam_segmentation,0.622084
sam_segmentation,0.622932
sam_segmentation,0.621124
sam_segmentation,0.622331
sam_segmentation,0.603903
sam_segmentation,0.585707
sam_segmentation,0.635436
sam_segmentation,0.590360
sam_segmentation,0.660797
sam_segmentation,0.755196
sam_segmentation,0.682179
sam_segmentation,0.627610
sam_segmentation,0.660953
sam_segmentation,0.746146
sam_segmentation,0.976790
sam_segmentation,0.876519
sam_segmentation,1.340611
sam_segmentation,1.100226
sam_segmentation,0.632812
sam_segmentation,0.685198
sam_segmentation,0.724937
sam_segmentation,0.625534
sam_segmentation,0.622452
sam_segmentation,0.625259
sam_segmentation,0.625112
sam_segmentation,0.621105
sam_segmentation,0.622977
sam_segmentation,0.622819
sam_segmentation,0.629586
sam_segmentation,0.625904
sam_segmentation,0.624479
get_best_grasp,0.035826
get_best_grasp,0.016915
get_best_grasp,0.017813
get_best_grasp,0.034362
get_best_grasp,0.015080
get_best_grasp,0.014766
get_best_grasp,0.017497
get_best_grasp,0.017143
get_best_grasp,0.019589
get_best_grasp,0.019903
get_best_grasp,0.020201
get_best_grasp,0.019356
get_best_grasp,0.020082
get_best_grasp,0.020064
get_best_grasp,0.019838
get_best_grasp,0.019927
get_best_grasp,0.021074
get_best_grasp,0.019787
get_best_grasp,0.019715
get_best_grasp,0.019415
get_best_grasp,0.019512
get_best_grasp,0.019769
get_best_grasp,0.019682
get_best_grasp,0.019776
get_best_grasp,0.019470
get_best_grasp,0.019492
get_best_grasp,0.018438
get_best_grasp,0.024599
get_best_grasp,0.022431
get_best_grasp,0.014465
get_best_grasp,0.014751
get_best_grasp,0.014692
get_best_grasp,0.017134
get_best_grasp,0.019892
get_best_grasp,0.018645
get_best_grasp,0.016794
get_best_grasp,0.019718
get_best_grasp,0.023733
get_best_grasp,0.021823
get_best_grasp,0.020064
get_best_grasp,0.016878
get_best_grasp,0.018794
get_best_grasp,0.020969
get_best_grasp,0.017758
get_best_grasp,0.018374
get_best_grasp,0.015660
get_best_grasp,0.016633
get_best_grasp,0.015003
get_best_grasp,0.016344
get_best_grasp,0.017056
get_best_grasp,0.016650
get_best_grasp,0.015722
get_best_grasp,0.024650
get_best_grasp,0.015475
get_best_grasp,0.014301
get_best_grasp,0.015648
get_best_grasp,0.017092
get_best_grasp,0.029986
get_best_grasp,0.014350
get_best_grasp,0.014576
get_best_grasp,0.016843
get_best_grasp,0.014479
get_best_grasp,0.021014
get_best_grasp,0.016902
get_best_grasp,0.016578
get_best_grasp,0.016929
get_best_grasp,0.015214
get_best_grasp,0.015951
get_best_grasp,0.016157
get_best_grasp,0.014422
get_best_grasp,0.014650
get_best_grasp,0.015347
get_best_grasp,0.017715
get_best_grasp,0.015566
get_best_grasp,0.014696
get_best_grasp,0.018274
get_best_grasp,0.014461
get_best_grasp,0.015520
get_best_grasp,0.016212
get_best_grasp,0.015035
get_best_grasp,0.015749
get_best_grasp,0.016134
get_best_grasp,0.015920
get_best_grasp,0.012842
get_best_grasp,0.012170
get_best_grasp,0.033816
get_best_grasp,0.044198
get_best_grasp,0.086544
get_best_grasp,0.044339
get_best_grasp,0.041230
get_best_grasp,0.033626
get_best_grasp,0.014529
get_best_grasp,0.018924
get_best_grasp,0.034498
get_best_grasp,0.030904
get_best_grasp,0.063470
get_best_grasp,0.014413
get_best_grasp,0.013936
get_best_grasp,0.014357
get_best_grasp,0.018397
get_best_grasp,0.014766
get_best_grasp,0.025707
get_best_grasp,0.014167
get_best_grasp,0.015778
get_best_grasp,0.015539
get_best_grasp,0.016730
get_best_grasp,0.031693
get_best_grasp,0.035083
get_best_grasp,0.017664
get_best_grasp,0.040617
get_curr_pose,0.000141
get_curr_pose,0.000139
get_curr_pose,0.000133
compute_final_pose,0.000487
compute_final_pose,0.000442
compute_final_pose,0.000429
